model,accuracy,precision,recall,f1_score
Decision Tree,0.9553910782156432,0.9557609551993909,0.9553910782156432,0.9550606641374413
Random Forest,0.961992398479696,0.9622746386265811,0.961992398479696,0.9617736276363237
Logistic Regression,0.9049809961992399,0.9096263751576928,0.9049809961992399,0.9028931610758908
Manual Hard Voting Ensemble,0.9591918383676735,0.9596231101966325,0.9591918383676735,0.9589373206024175
